,Country,Code,Year,Life Expectancy,Status,GDP,Consumption of Alcohol
0,Afghanistan,AFG,2010,60.851,Developing,553.33,0.21
1,Afghanistan,AFG,2015,62.659,Developing,584.26,0.21
2,Angola,AGO,2010,56.726,Developing,3529.53,8.16
3,Angola,AGO,2015,60.655,Developing,3695.79,7.96
4,Albania,ALB,2010,77.936,Developing,494.36,7.69
5,Albania,ALB,2015,78.644,Developing,3954.23,6.74
6,United Arab Emirates,ARE,2010,78.334,Developing,3549.15,3.15
7,United Arab Emirates,ARE,2015,79.223,Developing,3911.75,3.79
8,Argentina,ARG,2010,75.721,Developing,1276.27,9.09
9,Argentina,ARG,2015,76.76,Developing,13467.12,9.55
10,Armenia,ARM,2010,73.16,Developing,3218.38,5.69
11,Armenia,ARM,2015,74.436,Developing,369.65,5.84
12,Antigua and Barbuda,ATG,2010,76.82,Developing,12126.88,5.6
13,Antigua and Barbuda,ATG,2015,77.913,Developing,13566.95,5.89
14,Australia,AUS,2010,81.69512195,Developed,51874.85,12.39
15,Australia,AUS,2015,82.4,Developed,56554.39,10.83
16,Austria,AUT,2010,80.5804878,Developed,46657.63,12.2
17,Austria,AUT,2015,81.1902439,Developed,43665.95,12.07
18,Azerbaijan,AZE,2010,69.529,Developing,5842.86,2.97
19,Azerbaijan,AZE,2015,71.451,Developing,55.31,4.58
20,Belgium,BEL,2010,80.18292683,Developed,4438.24,11.4
21,Belgium,BEL,2015,80.99268293,Developed,4356.88,11.82
22,Benin,BEN,2010,58.363,Developing,757.70,2.47
23,Benin,BEN,2015,59.377,Developing,783.95,2.97
24,Burkina Faso,BFA,2010,56.477,Developing,575.45,8.58
25,Burkina Faso,BFA,2015,58.845,Developing,615.59,11.83
26,Bangladesh,BGD,2010,68.638,Developing,757.67,0.16
27,Bangladesh,BGD,2015,70.491,Developing,121.16,0.021
28,Bulgaria,BGR,2010,73.51219512,Developed,6843.26,11.32
29,Bulgaria,BGR,2015,74.61463415,Developed,6993.48,12.34
30,Bahrain,BHR,2010,78.748,Developing,2722.14,1.69
31,Bahrain,BHR,2015,79.405,Developing,22688.88,1.3
32,Bosnia and Herzegovina,BIH,2010,77.073,Developing,4611.47,7.32
33,Bosnia and Herzegovina,BIH,2015,76.182,Developing,4574.98,6.92
34,Belarus,BLR,2010,70.40487805,Developing,63.39,17.43
35,Belarus,BLR,2015,73.62439024,Developing,5949.12,12.0
36,Belize,BLZ,2010,72.272,Developing,4344.15,7.08
37,Belize,BLZ,2015,73.187,Developing,4850.00,6.74
38,Brazil,BRA,2010,73.182,Developing,11224.15,8.49
39,Brazil,BRA,2015,74.332,Developing,8757.26,7.86
40,Barbados,BRB,2010,75.712,Developing,1595.91,7.95
41,Barbados,BRB,2015,76.65,Developing,15557.84,9.33
42,Bhutan,BTN,2010,68.43,Developing,2178.92,0.92
43,Bhutan,BTN,2015,70.343,Developing,2613.65,0.42
44,Botswana,BWA,2010,60.013,Developing,6346.16,8.62
45,Botswana,BWA,2015,63.818,Developing,6532.65,6.86
46,Central African Republic,CAF,2010,49.255,Developing,446.44,3.98
47,Central African Republic,CAF,2015,52.793,Developing,348.38,2.43
48,Canada,CAN,2010,81.32219512,Developing,47447.48,10.1
49,Canada,CAN,2015,81.81560976,Developing,43315.74,8.88
50,Switzerland,CHE,2010,82.24634146,Developed,74276.72,11.41
51,Switzerland,CHE,2015,82.89756098,Developed,8989.84,11.58
52,Chile,CHL,2010,78.501,Developing,1286.18,9.31
53,Chile,CHL,2015,79.746,Developing,13653.23,9.26
54,Cameroon,CMR,2010,56.582,Developing,1182.87,8.43
55,Cameroon,CMR,2015,59.658,Developing,1244.43,6.17
56,Colombia,COL,2010,75.033,Developing,625.66,5.04
57,Colombia,COL,2015,76.257,Developing,644.53,5.78
58,Comoros,COM,2010,61.123,Developing,769.17,0.25
59,Comoros,COM,2015,62.896,Developing,727.65,0.88
60,Costa Rica,CRI,2010,78.67,Developing,8199.41,4.8
61,Costa Rica,CRI,2015,79.086,Developing,1146.36,4.76
62,Cuba,CUB,2010,77.661,Developing,5676.14,5.02
63,Cuba,CUB,2015,77.772,Developing,762.26,5.67
64,Cyprus,CYP,2010,79.665,Developed,3818.46,11.35
65,Cyprus,CYP,2015,80.966,Developed,2375.11,10.76
66,Czechia,CZE,2010,77.42439024,Developed,27880.50,14.06
67,Czechia,CZE,2015,78.57804878,Developed,33899.30,14.25
68,Germany,DEU,2010,79.98780488,Developed,41785.56,12.64
69,Germany,DEU,2015,80.64146341,Developed,41176.88,13.06
70,Djibouti,DJI,2010,60.259,Developing,1326.00,0.67
71,Djibouti,DJI,2015,61.957,Developing,1862.17,0.49
72,Denmark,DNK,2010,79.1,Developed,5841.41,11.0
73,Denmark,DNK,2015,80.70243902,Developed,5314.64,10.36
74,Dominican Republic,DOM,2010,72.093,Developing,5451.67,6.11
75,Dominican Republic,DOM,2015,72.953,Developing,6468.47,6.61
76,Algeria,DZA,2010,73.808,Developing,4463.39,0.65
77,Algeria,DZA,2015,75.622,Developing,4132.76,0.93
78,Ecuador,ECU,2010,75.43,Developing,4657.32,6.16
79,Ecuador,ECU,2015,76.789,Developing,625.62,4.98
80,Egypt,EGY,2010,69.664,Developing,9033.30,0.36
81,Egypt,EGY,2015,70.483,Developing,10890.20,0.4
82,Spain,ESP,2010,81.62682927,Developed,3736.23,10.03
83,Spain,ESP,2015,82.83170732,Developed,25683.85,11.32
84,Estonia,EST,2010,75.42926829,Developing,14638.65,12.39
85,Estonia,EST,2015,77.5902439,Developing,1774.93,12.39
86,Finland,FIN,2010,79.87073171,Developing,4622.42,12.59
87,Finland,FIN,2015,81.4804878,Developing,4245.40,11.18
88,Fiji,FJI,2010,67.328,Developing,3651.97,3.0
89,Fiji,FJI,2015,66.844,Developing,4921.90,3.33
90,France,FRA,2010,81.66341463,Developing,473.34,12.4
91,France,FRA,2015,82.32195122,Developing,36526.77,12.64
92,Gabon,GAB,2010,63.898,Developing,8754.11,9.89
93,Gabon,GAB,2015,65.46,Developing,7388.98,9.57
94,United Kingdom,GBR,2010,80.40243902,Developed,39693.20,12.06
95,United Kingdom,GBR,2015,80.95609756,Developed,45071.10,11.21
96,Georgia,GEO,2010,72.128,Developing,2964.48,9.67
97,Georgia,GEO,2015,73.297,Developing,3764.65,9.61
98,Ghana,GHA,2010,61.157,Developing,1312.68,4.26
99,Ghana,GHA,2015,63.175,Developing,1361.11,3.12
100,Guinea,GIN,2010,56.72,Developing,438.75,0.7
101,Guinea,GIN,2015,58.134,Developing,554.49,1.07
102,Guinea-Bissau,GNB,2010,56.23,Developing,543.96,4.47
103,Guinea-Bissau,GNB,2015,59.128,Developing,596.87,5.05
104,Equatorial Guinea,GNQ,2010,57.878,Developing,17136.45,9.2
105,Equatorial Guinea,GNQ,2015,60.103,Developing,1347.31,9.08
106,Greece,GRC,2010,80.38780488,Developing,26917.76,9.67
107,Greece,GRC,2015,81.03658537,Developing,187.79,10.49
108,Grenada,GRD,2010,74.999,Developing,7365.67,8.31
109,Grenada,GRD,2015,75.013,Developing,9212.19,9.07
110,Guatemala,GTM,2010,70.878,Developing,2825.52,3.51
111,Guatemala,GTM,2015,72.103,Developing,3923.57,2.55
112,Guyana,GUY,2010,66.743,Developing,326.28,6.78
113,Guyana,GUY,2015,68.201,Developing,4136.69,7.35
114,Honduras,HND,2010,71.088,Developing,1932.86,3.59
115,Honduras,HND,2015,72.487,Developing,2326.16,3.49
116,Croatia,HRV,2010,76.47560976,Developed,1355.75,10.08
117,Croatia,HRV,2015,77.27560976,Developed,11579.67,9.07
118,Haiti,HTI,2010,46.019,Developing,662.28,2.99
119,Haiti,HTI,2015,63.237,Developing,814.55,2.69
120,Hungary,HUN,2010,74.20731707,Developed,1325.53,12.09
121,Hungary,HUN,2015,75.56829268,Developed,12365.63,11.6
122,Indonesia,IDN,2010,68.679,Developing,3113.49,0.59
123,Indonesia,IDN,2015,69.699,Developing,3336.17,0.6
124,India,IND,2010,66.909,Developing,1345.77,4.35
125,India,IND,2015,69.636,Developing,1613.19,5.54
126,Ireland,IRL,2010,80.74390244,Developed,48538.59,12.07
127,Ireland,IRL,2015,81.45365854,Developed,6664.14,12.47
128,Iraq,IRQ,2010,67.062,Developing,452.75,0.49
129,Iraq,IRQ,2015,69.44,Developing,4974.27,0.37
130,Iceland,ISL,2010,81.89756098,Developed,41676.45,7.5
131,Iceland,ISL,2015,82.46829268,Developed,5734.44,8.74
132,Israel,ISR,2010,81.60243902,Developing,3661.99,3.12
133,Israel,ISR,2015,82.05121951,Developing,35729.37,3.86
134,Italy,ITA,2010,82.03658537,Developed,35849.37,7.34
135,Italy,ITA,2015,82.54390244,Developed,349.15,7.59
136,Jamaica,JAM,2010,72.622,Developing,4682.73,4.38
137,Jamaica,JAM,2015,72.394,Developing,4965.99,4.19
138,Jordan,JOR,2010,74.0,Developing,3679.19,0.64
139,Jordan,JOR,2015,75.011,Developing,496.99,0.69
140,Japan,JPN,2010,82.84268293,Developed,4457.68,7.2
141,Japan,JPN,2015,83.79390244,Developed,34474.14,7.87
142,Kazakhstan,KAZ,2010,68.45,Developing,97.65,4.97
143,Kazakhstan,KAZ,2015,71.97,Developing,159.98,4.66
144,Kenya,KEN,2010,60.649,Developing,967.35,3.29
145,Kenya,KEN,2015,61.892,Developing,1349.97,2.77
146,Cambodia,KHM,2010,67.712,Developing,785.69,4.91
147,Cambodia,KHM,2015,69.873,Developing,1163.19,6.37
148,Kiribati,KIR,2010,65.016,Developing,1493.17,1.65
149,Kiribati,KIR,2015,66.059,Developing,1424.48,0.52
150,Kuwait,KWT,2010,77.982,Developing,38497.62,0.032
151,Kuwait,KWT,2015,79.562,Developing,28975.42,0.003
152,Lebanon,LBN,2010,78.156,Developing,8763.83,1.94
153,Lebanon,LBN,2015,79.229,Developing,846.63,1.65
154,Liberia,LBR,2010,59.433,Developing,327.43,5.37
155,Liberia,LBR,2015,59.148,Developing,452.39,5.7
156,Libya,LBY,2010,72.374,Developing,30257.00,0.098
157,Libya,LBY,2015,71.698,Developing,22163.10,0.029
158,Sri Lanka,LKA,2010,73.215,Developing,2819.51,3.92
159,Sri Lanka,LKA,2015,74.927,Developing,3844.89,4.1
160,Lesotho,LSO,2010,45.596,Developing,1173.26,6.5
161,Lesotho,LSO,2015,51.101,Developing,173.83,4.8
162,Lithuania,LTU,2010,73.26829268,Developed,11984.87,15.25
163,Lithuania,LTU,2015,74.32195122,Developed,14252.43,15.38
164,Luxembourg,LUX,2010,80.63170732,Developed,14965.36,12.98
165,Luxembourg,LUX,2015,82.29268293,Developed,1199.82,13.18
166,Morocco,MAR,2010,70.829,Developing,2834.25,0.9
167,Morocco,MAR,2015,72.92,Developing,2847.29,0.7
168,Mongolia,MNG,2010,67.07,Developing,265.35,9.65
169,Mongolia,MNG,2015,68.9,Developing,3944.18,10.97
170,Madagascar,MDG,2010,77.657,Developing,412.74,1.87
171,Madagascar,MDG,2015,79.695,Developing,41.86,1.88
172,Maldives,MDV,2010,72.10638332,Developing,633.79,1.65
173,Maldives,MDV,2015,72.88951608,Developing,8395.79,2.07
174,Mexico,MEX,2010,74.19,Developing,8959.58,5.21
175,Mexico,MEX,2015,74.682,Developing,9143.13,4.92
176,Mali,MLI,2010,56.382,Developing,78.38,1.09
177,Mali,MLI,2015,58.363,Developing,729.73,1.25
178,Malta,MLT,2010,81.39756098,Developed,2187.79,6.58
179,Malta,MLT,2015,81.89756098,Developed,23819.46,7.56
180,Myanmar,MMR,2010,63.329,Developing,987.74,2.9
181,Myanmar,MMR,2015,65.561,Developing,1194.59,4.41
182,Mozambique,MOZ,2010,75.9902439,Developing,419.23,1.63
183,Mozambique,MOZ,2015,76.44878049,Developing,528.31,2.19
184,Mauritania,MRT,2010,67.182,Developing,123.38,0.086
185,Mauritania,MRT,2015,69.498,Developing,1158.26,0.033
186,Mauritius,MUS,2010,54.198,Developing,8.38,3.81
187,Mauritius,MUS,2015,58.151,Developing,9252.12,3.94
188,Malawi,MWI,2010,63.105,Developing,458.87,3.21
189,Malawi,MWI,2015,64.485,Developing,362.66,3.62
190,Malaysia,MYS,2010,72.96731707,Developing,971.36,1.32
191,Malaysia,MYS,2015,74.35317073,Developing,9643.64,0.85
192,Namibia,NAM,2010,74.442,Developing,5191.58,1.99
193,Namibia,NAM,2015,75.094,Developing,4737.67,5.23
194,Niger,NER,2010,56.015,Developing,348.15,0.31
195,Niger,NER,2015,60.7,Developing,359.00,0.55
196,Nigeria,NGA,2010,77.2804878,Developing,2327.33,11.72
197,Nigeria,NGA,2015,77.2804878,Developing,2655.16,10.81
198,Nicaragua,NIC,2010,58.367,Developing,1526.50,4.79
199,Nicaragua,NIC,2015,61.083,Developing,295.97,5.03
200,Netherlands,NLD,2010,50.945,Developed,5338.25,10.21
201,Netherlands,NLD,2015,51.841,Developed,44292.88,9.55
202,Norway,NOR,2010,72.009,Developed,87646.75,8.94
203,Norway,NOR,2015,72.983,Developed,7455.25,7.52
204,Nepal,NPL,2010,80.70243902,Developing,592.18,1.94
205,Nepal,NPL,2015,81.5097561,Developing,743.77,2.05
206,New Zealand,NZL,2010,66.814,Developed,33691.35,11.32
207,New Zealand,NZL,2015,67.456,Developed,3821.89,10.44
208,Oman,OMN,2010,80.90487805,Developing,1928.75,0.73
209,Oman,OMN,2015,81.61243902,Developing,16627.36,0.77
210,Pakistan,PAK,2010,76.269,Developing,14.14,0.19
211,Pakistan,PAK,2015,77.687,Developing,1431.24,0.29
212,Panama,PAN,2010,64.55296037,Developing,7937.26,6.84
213,Panama,PAN,2015,67.28883688,Developing,13134.44,7.71
214,Peru,PER,2010,64.436,Developing,522.49,7.69
215,Peru,PER,2015,65.697,Developing,63.34,6.63
216,Philippines,PHL,2010,76.448,Developing,2129.50,6.98
217,Philippines,PHL,2015,77.468,Developing,2878.34,6.7
218,Poland,POL,2010,76.24634146,Developed,12599.52,11.21
219,Poland,POL,2015,77.45121951,Developed,12565.99,11.63
220,Portugal,PRT,2010,79.02682927,Developed,22538.65,12.51
221,Portugal,PRT,2015,81.12439024,Developed,1922.68,11.88
222,Paraguay,PRY,2010,71.887,Developing,3225.59,7.58
223,Paraguay,PRY,2015,73.191,Developing,419.37,7.26
224,Qatar,QAT,2010,78.425,Developing,736.23,1.69
225,Qatar,QAT,2015,80.064,Developing,66346.52,1.62
226,Romania,ROU,2010,73.45853659,Developed,8297.48,13.97
227,Romania,ROU,2015,74.91219512,Developed,8958.79,11.64
228,Rwanda,RWA,2010,62.54,Developing,563.49,10.27
229,Rwanda,RWA,2015,65.298,Developing,71.35,9.26
230,Saudi Arabia,SAU,2010,75.763,Developing,19259.59,0.17
231,Saudi Arabia,SAU,2015,76.918,Developing,2732.86,0.2
232,Sudan,SDN,2015,64.659,Developing,2513.88,0.52
233,Senegal,SEN,2010,64.615,Developing,11.63,0.6
234,Senegal,SEN,2015,66.879,Developing,98.73,0.73
235,Singapore,SGP,2010,81.54146341,Developed,46569.68,2.19
236,Singapore,SGP,2015,82.74390244,Developed,53629.74,2.07
237,Solomon Islands,SLB,2010,68.732,Developing,1272.45,1.6
238,Solomon Islands,SLB,2015,69.583,Developing,1922.41,1.55
239,Sierra Leone,SLE,2010,53.693,Developing,45.13,5.83
240,Sierra Leone,SLE,2015,57.189,Developing,587.54,5.63
241,El Salvador,SLV,2010,71.848,Developing,3474.39,3.31
242,El Salvador,SLV,2015,71.814,Developing,4127.12,3.59
243,Serbia,SRB,2010,74.33658537,Developing,5411.88,11.69
244,Serbia,SRB,2015,75.28780488,Developing,5237.26,8.7
245,Sao Tome and Principe,STP,2010,65.249,Developing,1129.75,8.34
246,Sao Tome and Principe,STP,2015,67.249,Developing,1624.64,7.19
247,Suriname,SUR,2010,69.894,Developing,833.31,6.22
248,Suriname,SUR,2015,70.8,Developing,8818.98,5.81
249,Slovenia,SVN,2010,79.42195122,Developed,23437.47,11.54
250,Slovenia,SVN,2015,80.77560976,Developed,2729.86,12.74
251,Sweden,SWE,2010,81.45121951,Developed,5276.26,9.49
252,Sweden,SWE,2015,82.20487805,Developed,5585.26,9.13
253,Seychelles,SYC,2010,73.19756098,Developing,184.68,10.19
254,Seychelles,SYC,2015,74.29512195,Developing,1539.46,18.35
255,Chad,TCD,2010,49.584,Developing,896.57,6.58
256,Chad,TCD,2015,51.589,Developing,777.25,1.45
257,Togo,TGO,2010,57.304,Developing,487.92,2.11
258,Togo,TGO,2015,59.396,Developing,551.14,2.37
259,Thailand,THA,2010,76.131,Developing,575.32,7.71
260,Thailand,THA,2015,77.717,Developing,5814.86,8.36
261,Tajikistan,TJK,2010,67.742,Developing,738.35,2.4
262,Tajikistan,TJK,2015,69.306,Developing,918.68,3.11
263,Turkmenistan,TKM,2010,68.293,Developing,4439.23,4.82
264,Turkmenistan,TKM,2015,68.782,Developing,6432.67,5.3
265,Tonga,TON,2010,70.323,Developing,3547.60,1.39
266,Tonga,TON,2015,70.607,Developing,493.78,0.68
267,Trinidad and Tobago,TTO,2010,72.725,Developing,16683.95,6.21
268,Trinidad and Tobago,TTO,2015,74.503,Developing,17321.83,6.88
269,Tunisia,TUN,2010,75.421,Developing,414.15,1.4
270,Tunisia,TUN,2015,75.692,Developing,3828.92,1.99
271,Uganda,UGA,2010,57.055,Developing,595.00,13.5
272,Uganda,UGA,2015,61.086,Developing,693.90,15.14
273,Ukraine,UKR,2010,70.26536585,Developing,2965.14,13.57
274,Ukraine,UKR,2015,71.1895122,Developing,2124.66,10.16
275,Uruguay,URY,2010,76.858,Developing,12512.60,7.1
276,Uruguay,URY,2015,77.483,Developing,16950.80,6.99
277,United States,USA,2010,78.54146341,Developed,48650.60,9.36
278,United States,USA,2015,78.6902439,Developed,56762.70,9.82
279,Uzbekistan,UZB,2010,69.235,Developing,1377.82,3.01
280,Uzbekistan,UZB,2015,70.475,Developing,2137.58,2.59
281,Vietnam,VNM,2010,73.513,Developing,1684.00,4.9
282,Vietnam,VNM,2015,73.876,Developing,2595.20,7.86
283,Vanuatu,VUT,2010,69.617,Developing,2965.82,1.7
284,Vanuatu,VUT,2015,69.513,Developing,285.83,2.14
285,Samoa,WSM,2010,72.249,Developing,3453.49,2.97
286,Samoa,WSM,2015,72.515,Developing,4149.36,2.59
287,South Africa,ZAF,2010,58.899,Developing,7362.76,10.04
288,South Africa,ZAF,2015,63.95,Developing,5769.77,9.61
289,Zambia,ZMB,2010,56.799,Developing,1463.21,5.43
290,Zambia,ZMB,2015,61.208,Developing,1313.89,6.89
291,Zimbabwe,ZWE,2010,50.652,Developing,713.64,3.93
292,Zimbabwe,ZWE,2015,59.591,Developing,118.69,4.92
